{
	"info": {
		"_postman_id": "a1b2c3d4-e5f6-g7h8-i9j0-k1l2m3n4o5p6",
		"name": "SGHSS API - Fluxo Completo",
		"description": "Coleção para testar a API do Sistema de Gestão Hospitalar e Serviços de Saúde",
		"schema": "https://schema.getpostman.com/json/collection/v2.1.0/collection.json"
	},
	"item": [
		{
			"name": "1. Login como Admin",
			"request": {
				"method": "POST",
				"header": [],
				"body": {
					"mode": "formdata",
					"formdata": [
						{
							"key": "username",
							"value": "admin@sghss.com",
							"type": "text"
						},
						{
							"key": "password",
							"value": "admin",
							"type": "text"
						}
					]
				},
				"url": {
					"raw": "{{base_url}}/auth/login/access-token",
					"host": ["{{base_url}}"],
					"path": ["auth", "login", "access-token"]
				}
			},
			"event": [
				{
					"listen": "test",
					"script": {
						"exec": [
							"var jsonData = pm.response.json();",
							"pm.environment.set('admin_token', jsonData.access_token);"
						],
						"type": "text/javascript"
					}
				}
			]
		},
		{
			"name": "2. Criar Médico",
			"request": {
				"method": "POST",
				"header": [
					{
						"key": "Authorization",
						"value": "Bearer {{admin_token}}",
						"type": "text"
					}
				],
				"body": {
					"mode": "raw",
					"raw": "{\n    \"email\": \"medico@exemplo.com\",\n    \"password\": \"medico123\",\n    \"full_name\": \"Dr. João Silva\",\n    \"user_type\": \"DOCTOR\",\n    \"crm\": \"12345-SP\",\n    \"cpf\": \"123.456.789-00\",\n    \"phone\": \"11999999999\",\n    \"address\": \"Rua dos Médicos, 100\",\n    \"birth_date\": \"1980-01-01\"\n}",
					"options": {
						"raw": {
							"language": "json"
						}
					}
				},
				"url": {
					"raw": "{{base_url}}/users/",
					"host": ["{{base_url}}"],
					"path": ["users", ""]
				}
			}
		},
		{
			"name": "3. Login como Médico",
			"request": {
				"method": "POST",
				"header": [],
				"body": {
					"mode": "formdata",
					"formdata": [
						{
							"key": "username",
							"value": "medico@exemplo.com",
							"type": "text"
						},
						{
							"key": "password",
							"value": "medico123",
							"type": "text"
						}
					]
				},
				"url": {
					"raw": "{{base_url}}/auth/login/access-token",
					"host": ["{{base_url}}"],
					"path": ["auth", "login", "access-token"]
				}
			},
			"event": [
				{
					"listen": "test",
					"script": {
						"exec": [
							"var jsonData = pm.response.json();",
							"pm.environment.set('doctor_token', jsonData.access_token);"
						],
						"type": "text/javascript"
					}
				}
			]
		},
		{
			"name": "4. Criar Prontuário",
			"request": {
				"method": "POST",
				"header": [
					{
						"key": "Authorization",
						"value": "Bearer {{doctor_token}}",
						"type": "text"
					}
				],
				"body": {
					"mode": "raw",
					"raw": "{\n    \"patient_id\": 1,\n    \"diagnosis\": \"Diagnóstico de exemplo\",\n    \"treatment\": \"Tratamento prescrito\",\n    \"notes\": \"Observações importantes\"\n}",
					"options": {
						"raw": {
							"language": "json"
						}
					}
				},
				"url": {
					"raw": "{{base_url}}/medical-records/",
					"host": ["{{base_url}}"],
					"path": ["medical-records", ""]
				}
			}
		}
	],
	"event": [
		{
			"listen": "prerequest",
			"script": {
				"type": "text/javascript",
				"exec": [""]
			}
		},
		{
			"listen": "test",
			"script": {
				"type": "text/javascript",
				"exec": [""]
			}
		}
	],
	"variable": [
		{
			"key": "base_url",
			"value": "http://localhost:8000",
			"type": "string"
		}
	]
} 