{
	"info": {
		"_postman_id": "a1b2c3d4-e5f6-g7h8-i9j0-k1l2m3n4o5p6",
		"name": "SGHSS API",
		"description": "Coleção para testar a API do Sistema de Gestão Hospitalar e Serviços de Saúde",
		"schema": "https://schema.getpostman.com/json/collection/v2.1.0/collection.json"
	},
	"item": [
		{
			"name": "Autenticação",
			"item": [
				{
					"name": "Login",
					"request": {
						"method": "POST",
						"header": [],
						"body": {
							"mode": "formdata",
							"formdata": [
								{
									"key": "username",
									"value": "admin@exemplo.com",
									"type": "text"
								},
								{
									"key": "password",
									"value": "admin123",
									"type": "text"
								}
							]
						},
						"url": {
							"raw": "{{base_url}}/auth/login/access-token",
							"host": ["{{base_url}}"],
							"path": ["auth", "login", "access-token"]
						}
					}
				}
			]
		},
		{
			"name": "Usuários",
			"item": [
				{
					"name": "Listar Usuários",
					"request": {
						"method": "GET",
						"header": [
							{
								"key": "Authorization",
								"value": "Bearer {{token}}",
								"type": "text"
							}
						],
						"url": {
							"raw": "{{base_url}}/users/",
							"host": ["{{base_url}}"],
							"path": ["users", ""]
						}
					}
				},
				{
					"name": "Criar Usuário",
					"request": {
						"method": "POST",
						"header": [
							{
								"key": "Authorization",
								"value": "Bearer {{token}}",
								"type": "text"
							}
						],
						"body": {
							"mode": "raw",
							"raw": "{\n    \"email\": \"novo@exemplo.com\",\n    \"password\": \"senha123\",\n    \"full_name\": \"Novo Usuário\",\n    \"user_type\": \"PATIENT\"\n}",
							"options": {
								"raw": {
									"language": "json"
								}
							}
						},
						"url": {
							"raw": "{{base_url}}/users/",
							"host": ["{{base_url}}"],
							"path": ["users", ""]
						}
					}
				}
			]
		},
		{
			"name": "Prontuários",
			"item": [
				{
					"name": "Listar Prontuários",
					"request": {
						"method": "GET",
						"header": [
							{
								"key": "Authorization",
								"value": "Bearer {{token}}",
								"type": "text"
							}
						],
						"url": {
							"raw": "{{base_url}}/medical-records/",
							"host": ["{{base_url}}"],
							"path": ["medical-records", ""]
						}
					}
				},
				{
					"name": "Criar Prontuário",
					"request": {
						"method": "POST",
						"header": [
							{
								"key": "Authorization",
								"value": "Bearer {{token}}",
								"type": "text"
							}
						],
						"body": {
							"mode": "raw",
							"raw": "{\n    \"patient_id\": 1,\n    \"diagnosis\": \"Diagnóstico de exemplo\",\n    \"treatment\": \"Tratamento prescrito\",\n    \"notes\": \"Observações importantes\"\n}",
							"options": {
								"raw": {
									"language": "json"
								}
							}
						},
						"url": {
							"raw": "{{base_url}}/medical-records/",
							"host": ["{{base_url}}"],
							"path": ["medical-records", ""]
						}
					}
				}
			]
		},
		{
			"name": "Agendamentos",
			"item": [
				{
					"name": "Listar Agendamentos",
					"request": {
						"method": "GET",
						"header": [
							{
								"key": "Authorization",
								"value": "Bearer {{token}}",
								"type": "text"
							}
						],
						"url": {
							"raw": "{{base_url}}/appointments/",
							"host": ["{{base_url}}"],
							"path": ["appointments", ""]
						}
					}
				},
				{
					"name": "Criar Agendamento",
					"request": {
						"method": "POST",
						"header": [
							{
								"key": "Authorization",
								"value": "Bearer {{token}}",
								"type": "text"
							}
						],
						"body": {
							"mode": "raw",
							"raw": "{\n    \"doctor_id\": 1,\n    \"appointment_date\": \"2024-03-20T10:00:00\",\n    \"reason\": \"Consulta de rotina\"\n}",
							"options": {
								"raw": {
									"language": "json"
								}
							}
						},
						"url": {
							"raw": "{{base_url}}/appointments/",
							"host": ["{{base_url}}"],
							"path": ["appointments", ""]
						}
					}
				}
			]
		}
	],
	"event": [
		{
			"listen": "prerequest",
			"script": {
				"type": "text/javascript",
				"exec": [""]
			}
		},
		{
			"listen": "test",
			"script": {
				"type": "text/javascript",
				"exec": [""]
			}
		}
	],
	"variable": [
		{
			"key": "base_url",
			"value": "http://localhost:8000",
			"type": "string"
		},
		{
			"key": "token",
			"value": "seu_token_aqui",
			"type": "string"
		}
	]
} 